hcp_id,hcp_name,specialty,territory,region,segment,city
H0001,Dr. HCP_0001,Endocrinologist,North-1,North,B,Delhi
H0002,Dr. HCP_0002,Pulmonologist,North-1,North,C,Delhi
H0003,Dr. HCP_0003,Endocrinologist,Central-1,Central,C,Chennai
H0004,Dr. HCP_0004,Endocrinologist,West-2,West,B,Bangalore
H0005,Dr. HCP_0005,Neurologist,Central-2,Central,A,Ahmedabad
H0006,Dr. HCP_0006,Oncologist,South-2,South,A,Kolkata
H0007,Dr. HCP_0007,Cardiologist,South-2,South,A,Delhi
H0008,Dr. HCP_0008,Pulmonologist,West-1,West,C,Kolkata
H0009,Dr. HCP_0009,Oncologist,West-1,West,B,Mumbai
H0010,Dr. HCP_0010,Cardiologist,North-2,North,C,Kolkata
H0011,Dr. HCP_0011,Cardiologist,East-2,East,A,Hyderabad
H0012,Dr. HCP_0012,Endocrinologist,South-2,South,C,Ahmedabad
H0013,Dr. HCP_0013,Oncologist,South-1,South,C,Bangalore
H0014,Dr. HCP_0014,Oncologist,East-1,East,B,Hyderabad
H0015,Dr. HCP_0015,Oncologist,North-2,North,A,Delhi
H0016,Dr. HCP_0016,General Physician,North-1,North,A,Mumbai
H0017,Dr. HCP_0017,Endocrinologist,North-2,North,B,Bangalore
H0018,Dr. HCP_0018,Oncologist,West-1,West,B,Ahmedabad
H0019,Dr. HCP_0019,Oncologist,South-2,South,B,Mumbai
H0020,Dr. HCP_0020,Oncologist,South-1,South,B,Mumbai
H0021,Dr. HCP_0021,Pulmonologist,West-1,West,B,Ahmedabad
H0022,Dr. HCP_0022,Oncologist,East-1,East,A,Ahmedabad
H0023,Dr. HCP_0023,Endocrinologist,South-1,South,B,Chennai
H0024,Dr. HCP_0024,Cardiologist,South-2,South,B,Mumbai
H0025,Dr. HCP_0025,Cardiologist,East-2,East,B,Mumbai
H0026,Dr. HCP_0026,Oncologist,Central-2,Central,C,Bangalore
H0027,Dr. HCP_0027,Neurologist,North-1,North,A,Delhi
H0028,Dr. HCP_0028,Cardiologist,South-1,South,B,Delhi
H0029,Dr. HCP_0029,Oncologist,South-2,South,B,Delhi
H0030,Dr. HCP_0030,Endocrinologist,Central-2,Central,A,Mumbai
H0031,Dr. HCP_0031,Cardiologist,Central-2,Central,B,Kolkata
H0032,Dr. HCP_0032,Neurologist,Central-2,Central,A,Pune
H0033,Dr. HCP_0033,Endocrinologist,East-1,East,A,Pune
H0034,Dr. HCP_0034,Pulmonologist,South-2,South,C,Kolkata
H0035,Dr. HCP_0035,General Physician,South-1,South,C,Chennai
H0036,Dr. HCP_0036,Pulmonologist,West-2,West,C,Delhi
H0037,Dr. HCP_0037,Oncologist,North-1,North,B,Delhi
H0038,Dr. HCP_0038,Neurologist,North-2,North,A,Hyderabad
H0039,Dr. HCP_0039,Pulmonologist,Central-1,Central,B,Bangalore
H0040,Dr. HCP_0040,Cardiologist,East-2,East,B,Hyderabad
H0041,Dr. HCP_0041,Pulmonologist,East-2,East,A,Bangalore
H0042,Dr. HCP_0042,Neurologist,West-2,West,B,Chennai
H0043,Dr. HCP_0043,General Physician,Central-2,Central,A,Mumbai
H0044,Dr. HCP_0044,Pulmonologist,Central-1,Central,C,Delhi
H0045,Dr. HCP_0045,Pulmonologist,South-1,South,B,Delhi
H0046,Dr. HCP_0046,General Physician,North-2,North,B,Bangalore
H0047,Dr. HCP_0047,Pulmonologist,East-1,East,B,Hyderabad
H0048,Dr. HCP_0048,Endocrinologist,East-2,East,B,Chennai
H0049,Dr. HCP_0049,Oncologist,Central-1,Central,B,Chennai
H0050,Dr. HCP_0050,Cardiologist,North-1,North,A,Kolkata
H0051,Dr. HCP_0051,Cardiologist,East-1,East,C,Mumbai
H0052,Dr. HCP_0052,Endocrinologist,East-2,East,C,Chennai
H0053,Dr. HCP_0053,General Physician,South-1,South,C,Ahmedabad
H0054,Dr. HCP_0054,General Physician,Central-1,Central,C,Kolkata
H0055,Dr. HCP_0055,Cardiologist,Central-1,Central,B,Delhi
H0056,Dr. HCP_0056,General Physician,North-2,North,C,Bangalore
H0057,Dr. HCP_0057,Cardiologist,Central-1,Central,A,Pune
H0058,Dr. HCP_0058,Neurologist,Central-2,Central,A,Bangalore
H0059,Dr. HCP_0059,Endocrinologist,West-1,West,A,Mumbai
H0060,Dr. HCP_0060,Pulmonologist,East-1,East,B,Mumbai
H0061,Dr. HCP_0061,Endocrinologist,East-2,East,B,Hyderabad
H0062,Dr. HCP_0062,Pulmonologist,North-2,North,B,Kolkata
H0063,Dr. HCP_0063,General Physician,Central-2,Central,C,Bangalore
H0064,Dr. HCP_0064,Endocrinologist,South-2,South,B,Bangalore
H0065,Dr. HCP_0065,Cardiologist,West-1,West,B,Bangalore
H0066,Dr. HCP_0066,Oncologist,East-2,East,B,Hyderabad
H0067,Dr. HCP_0067,Endocrinologist,East-1,East,A,Delhi
H0068,Dr. HCP_0068,Cardiologist,West-1,West,C,Ahmedabad
H0069,Dr. HCP_0069,Endocrinologist,South-2,South,A,Ahmedabad
H0070,Dr. HCP_0070,Pulmonologist,East-2,East,C,Hyderabad
H0071,Dr. HCP_0071,Cardiologist,South-2,South,C,Hyderabad
H0072,Dr. HCP_0072,Pulmonologist,West-1,West,A,Chennai
H0073,Dr. HCP_0073,Pulmonologist,North-2,North,A,Pune
H0074,Dr. HCP_0074,Oncologist,Central-1,Central,C,Pune
H0075,Dr. HCP_0075,Cardiologist,North-1,North,C,Chennai
H0076,Dr. HCP_0076,Neurologist,South-1,South,C,Chennai
H0077,Dr. HCP_0077,Cardiologist,North-1,North,C,Kolkata
H0078,Dr. HCP_0078,General Physician,East-2,East,A,Pune
H0079,Dr. HCP_0079,Neurologist,West-1,West,B,Delhi
H0080,Dr. HCP_0080,Neurologist,West-1,West,A,Hyderabad
H0081,Dr. HCP_0081,Cardiologist,East-1,East,C,Kolkata
H0082,Dr. HCP_0082,Neurologist,North-1,North,B,Hyderabad
H0083,Dr. HCP_0083,Oncologist,East-2,East,B,Delhi
H0084,Dr. HCP_0084,Neurologist,East-2,East,A,Pune
H0085,Dr. HCP_0085,General Physician,North-2,North,B,Chennai
H0086,Dr. HCP_0086,Pulmonologist,Central-1,Central,B,Kolkata
H0087,Dr. HCP_0087,Oncologist,East-2,East,C,Chennai
H0088,Dr. HCP_0088,Endocrinologist,Central-1,Central,B,Hyderabad
H0089,Dr. HCP_0089,General Physician,West-1,West,C,Kolkata
H0090,Dr. HCP_0090,Neurologist,South-1,South,B,Chennai
H0091,Dr. HCP_0091,Neurologist,West-1,West,A,Mumbai
H0092,Dr. HCP_0092,Pulmonologist,East-1,East,C,Hyderabad
H0093,Dr. HCP_0093,Neurologist,West-1,West,C,Pune
H0094,Dr. HCP_0094,Oncologist,West-2,West,B,Ahmedabad
H0095,Dr. HCP_0095,Neurologist,South-2,South,C,Ahmedabad
H0096,Dr. HCP_0096,General Physician,South-1,South,B,Delhi
H0097,Dr. HCP_0097,Neurologist,East-1,East,B,Pune
H0098,Dr. HCP_0098,Endocrinologist,North-2,North,B,Chennai
H0099,Dr. HCP_0099,Endocrinologist,South-2,South,A,Bangalore
H0100,Dr. HCP_0100,Cardiologist,North-1,North,A,Hyderabad
H0101,Dr. HCP_0101,Neurologist,West-2,West,A,Delhi
H0102,Dr. HCP_0102,Oncologist,West-2,West,B,Hyderabad
H0103,Dr. HCP_0103,Oncologist,West-1,West,B,Kolkata
H0104,Dr. HCP_0104,Endocrinologist,South-2,South,B,Mumbai
H0105,Dr. HCP_0105,Oncologist,North-2,North,C,Hyderabad
H0106,Dr. HCP_0106,General Physician,South-1,South,B,Ahmedabad
H0107,Dr. HCP_0107,Neurologist,North-1,North,B,Hyderabad
H0108,Dr. HCP_0108,Oncologist,North-2,North,C,Bangalore
H0109,Dr. HCP_0109,General Physician,West-2,West,B,Pune
H0110,Dr. HCP_0110,Neurologist,West-2,West,A,Kolkata
H0111,Dr. HCP_0111,Oncologist,Central-1,Central,B,Bangalore
H0112,Dr. HCP_0112,Oncologist,West-2,West,A,Chennai
H0113,Dr. HCP_0113,General Physician,South-2,South,C,Chennai
H0114,Dr. HCP_0114,Oncologist,Central-1,Central,C,Hyderabad
H0115,Dr. HCP_0115,Oncologist,East-1,East,B,Delhi
H0116,Dr. HCP_0116,Endocrinologist,East-1,East,C,Chennai
H0117,Dr. HCP_0117,Pulmonologist,East-2,East,C,Delhi
H0118,Dr. HCP_0118,Endocrinologist,South-1,South,A,Hyderabad
H0119,Dr. HCP_0119,General Physician,West-1,West,C,Bangalore
H0120,Dr. HCP_0120,Cardiologist,South-2,South,B,Kolkata
H0121,Dr. HCP_0121,Pulmonologist,West-1,West,C,Ahmedabad
H0122,Dr. HCP_0122,Cardiologist,West-1,West,C,Hyderabad
H0123,Dr. HCP_0123,Oncologist,West-1,West,B,Mumbai
H0124,Dr. HCP_0124,Oncologist,Central-2,Central,A,Ahmedabad
H0125,Dr. HCP_0125,Pulmonologist,North-1,North,B,Chennai
H0126,Dr. HCP_0126,Oncologist,West-1,West,B,Hyderabad
H0127,Dr. HCP_0127,Endocrinologist,West-2,West,C,Chennai
H0128,Dr. HCP_0128,Oncologist,West-1,West,C,Mumbai
H0129,Dr. HCP_0129,Pulmonologist,West-1,West,A,Kolkata
H0130,Dr. HCP_0130,Oncologist,South-1,South,B,Bangalore
H0131,Dr. HCP_0131,Neurologist,Central-2,Central,B,Mumbai
H0132,Dr. HCP_0132,Neurologist,West-1,West,B,Mumbai
H0133,Dr. HCP_0133,General Physician,North-2,North,A,Kolkata
H0134,Dr. HCP_0134,Oncologist,South-1,South,B,Bangalore
H0135,Dr. HCP_0135,Pulmonologist,North-1,North,C,Kolkata
H0136,Dr. HCP_0136,Endocrinologist,East-2,East,B,Ahmedabad
H0137,Dr. HCP_0137,Pulmonologist,East-2,East,B,Kolkata
H0138,Dr. HCP_0138,Oncologist,East-1,East,C,Chennai
H0139,Dr. HCP_0139,Oncologist,North-2,North,B,Mumbai
H0140,Dr. HCP_0140,Cardiologist,Central-1,Central,C,Pune
H0141,Dr. HCP_0141,General Physician,South-2,South,C,Delhi
H0142,Dr. HCP_0142,Cardiologist,North-1,North,B,Hyderabad
H0143,Dr. HCP_0143,Cardiologist,South-2,South,B,Bangalore
H0144,Dr. HCP_0144,Endocrinologist,South-2,South,B,Ahmedabad
H0145,Dr. HCP_0145,Neurologist,North-2,North,B,Hyderabad
H0146,Dr. HCP_0146,General Physician,West-2,West,A,Chennai
H0147,Dr. HCP_0147,Endocrinologist,East-2,East,B,Delhi
H0148,Dr. HCP_0148,Pulmonologist,South-1,South,B,Delhi
H0149,Dr. HCP_0149,Cardiologist,Central-2,Central,A,Chennai
H0150,Dr. HCP_0150,General Physician,Central-2,Central,B,Kolkata
H0151,Dr. HCP_0151,General Physician,West-1,West,C,Hyderabad
H0152,Dr. HCP_0152,Neurologist,North-2,North,B,Hyderabad
H0153,Dr. HCP_0153,General Physician,North-2,North,A,Chennai
H0154,Dr. HCP_0154,Cardiologist,Central-2,Central,B,Mumbai
H0155,Dr. HCP_0155,Neurologist,East-2,East,C,Kolkata
H0156,Dr. HCP_0156,Cardiologist,East-2,East,B,Pune
H0157,Dr. HCP_0157,Oncologist,North-1,North,B,Ahmedabad
H0158,Dr. HCP_0158,Oncologist,North-2,North,C,Pune
H0159,Dr. HCP_0159,General Physician,West-2,West,B,Bangalore
H0160,Dr. HCP_0160,Endocrinologist,West-1,West,C,Chennai
H0161,Dr. HCP_0161,Neurologist,Central-2,Central,B,Ahmedabad
H0162,Dr. HCP_0162,Oncologist,West-2,West,B,Chennai
H0163,Dr. HCP_0163,Endocrinologist,East-2,East,B,Delhi
H0164,Dr. HCP_0164,Oncologist,East-1,East,B,Hyderabad
H0165,Dr. HCP_0165,Neurologist,West-2,West,A,Kolkata
H0166,Dr. HCP_0166,Cardiologist,East-2,East,C,Ahmedabad
H0167,Dr. HCP_0167,Endocrinologist,East-2,East,B,Ahmedabad
H0168,Dr. HCP_0168,Pulmonologist,South-2,South,A,Chennai
H0169,Dr. HCP_0169,Pulmonologist,East-2,East,A,Chennai
H0170,Dr. HCP_0170,Cardiologist,Central-1,Central,B,Hyderabad
H0171,Dr. HCP_0171,Endocrinologist,North-2,North,B,Kolkata
H0172,Dr. HCP_0172,Neurologist,West-2,West,A,Hyderabad
H0173,Dr. HCP_0173,General Physician,West-2,West,B,Ahmedabad
H0174,Dr. HCP_0174,Cardiologist,West-2,West,B,Delhi
H0175,Dr. HCP_0175,Endocrinologist,East-1,East,B,Kolkata
H0176,Dr. HCP_0176,Pulmonologist,South-2,South,A,Pune
H0177,Dr. HCP_0177,Neurologist,West-2,West,B,Pune
H0178,Dr. HCP_0178,General Physician,West-1,West,B,Pune
H0179,Dr. HCP_0179,General Physician,East-2,East,C,Ahmedabad
H0180,Dr. HCP_0180,Pulmonologist,East-1,East,A,Chennai
H0181,Dr. HCP_0181,Cardiologist,South-2,South,B,Hyderabad
H0182,Dr. HCP_0182,Cardiologist,East-2,East,A,Bangalore
H0183,Dr. HCP_0183,Endocrinologist,South-2,South,C,Ahmedabad
H0184,Dr. HCP_0184,General Physician,East-1,East,C,Chennai
H0185,Dr. HCP_0185,Endocrinologist,North-2,North,B,Chennai
H0186,Dr. HCP_0186,Pulmonologist,South-2,South,B,Bangalore
H0187,Dr. HCP_0187,Cardiologist,East-1,East,C,Bangalore
H0188,Dr. HCP_0188,Cardiologist,East-1,East,B,Mumbai
H0189,Dr. HCP_0189,Pulmonologist,Central-1,Central,B,Bangalore
H0190,Dr. HCP_0190,Cardiologist,West-2,West,B,Mumbai
H0191,Dr. HCP_0191,Pulmonologist,Central-2,Central,A,Ahmedabad
H0192,Dr. HCP_0192,Oncologist,West-2,West,C,Pune
H0193,Dr. HCP_0193,Cardiologist,South-1,South,C,Chennai
H0194,Dr. HCP_0194,Cardiologist,West-2,West,B,Delhi
H0195,Dr. HCP_0195,Oncologist,West-1,West,B,Delhi
H0196,Dr. HCP_0196,General Physician,Central-2,Central,B,Mumbai
H0197,Dr. HCP_0197,Endocrinologist,South-1,South,C,Chennai
H0198,Dr. HCP_0198,Endocrinologist,North-2,North,C,Delhi
H0199,Dr. HCP_0199,Oncologist,Central-1,Central,C,Hyderabad
H0200,Dr. HCP_0200,Oncologist,Central-1,Central,C,Ahmedabad
H0201,Dr. HCP_0201,Pulmonologist,West-2,West,B,Kolkata
H0202,Dr. HCP_0202,Neurologist,East-1,East,A,Mumbai
H0203,Dr. HCP_0203,General Physician,Central-2,Central,A,Delhi
H0204,Dr. HCP_0204,General Physician,South-2,South,C,Hyderabad
H0205,Dr. HCP_0205,General Physician,East-1,East,B,Delhi
H0206,Dr. HCP_0206,Endocrinologist,South-1,South,A,Bangalore
H0207,Dr. HCP_0207,Cardiologist,Central-1,Central,A,Bangalore
H0208,Dr. HCP_0208,Oncologist,North-1,North,B,Ahmedabad
H0209,Dr. HCP_0209,Oncologist,Central-2,Central,A,Chennai
H0210,Dr. HCP_0210,Endocrinologist,North-1,North,A,Chennai
H0211,Dr. HCP_0211,General Physician,East-1,East,B,Ahmedabad
H0212,Dr. HCP_0212,General Physician,North-2,North,B,Hyderabad
H0213,Dr. HCP_0213,General Physician,East-1,East,B,Hyderabad
H0214,Dr. HCP_0214,Cardiologist,West-1,West,B,Hyderabad
H0215,Dr. HCP_0215,Pulmonologist,South-1,South,C,Bangalore
H0216,Dr. HCP_0216,Cardiologist,North-2,North,B,Bangalore
H0217,Dr. HCP_0217,Neurologist,East-1,East,B,Chennai
H0218,Dr. HCP_0218,Cardiologist,West-2,West,C,Ahmedabad
H0219,Dr. HCP_0219,General Physician,East-1,East,B,Kolkata
H0220,Dr. HCP_0220,Neurologist,East-1,East,C,Ahmedabad
H0221,Dr. HCP_0221,Cardiologist,West-2,West,B,Mumbai
H0222,Dr. HCP_0222,General Physician,West-1,West,B,Pune
H0223,Dr. HCP_0223,Pulmonologist,Central-2,Central,A,Mumbai
H0224,Dr. HCP_0224,Endocrinologist,North-2,North,B,Mumbai
H0225,Dr. HCP_0225,Neurologist,East-1,East,B,Mumbai
H0226,Dr. HCP_0226,Oncologist,South-1,South,B,Ahmedabad
H0227,Dr. HCP_0227,Endocrinologist,East-1,East,C,Kolkata
H0228,Dr. HCP_0228,Cardiologist,West-2,West,B,Ahmedabad
H0229,Dr. HCP_0229,Oncologist,East-2,East,C,Pune
H0230,Dr. HCP_0230,General Physician,East-2,East,B,Delhi
H0231,Dr. HCP_0231,Pulmonologist,South-1,South,C,Kolkata
H0232,Dr. HCP_0232,Pulmonologist,West-2,West,B,Kolkata
H0233,Dr. HCP_0233,Cardiologist,Central-1,Central,B,Ahmedabad
H0234,Dr. HCP_0234,Pulmonologist,North-2,North,B,Chennai
H0235,Dr. HCP_0235,Cardiologist,East-2,East,A,Kolkata
H0236,Dr. HCP_0236,Cardiologist,Central-1,Central,C,Ahmedabad
H0237,Dr. HCP_0237,Cardiologist,West-1,West,B,Hyderabad
H0238,Dr. HCP_0238,Pulmonologist,Central-1,Central,A,Ahmedabad
H0239,Dr. HCP_0239,Cardiologist,West-2,West,B,Hyderabad
H0240,Dr. HCP_0240,Neurologist,East-1,East,A,Bangalore
H0241,Dr. HCP_0241,Oncologist,East-1,East,C,Ahmedabad
H0242,Dr. HCP_0242,Cardiologist,North-2,North,C,Hyderabad
H0243,Dr. HCP_0243,Pulmonologist,South-1,South,C,Mumbai
H0244,Dr. HCP_0244,Oncologist,Central-1,Central,B,Delhi
H0245,Dr. HCP_0245,Cardiologist,South-2,South,A,Ahmedabad
H0246,Dr. HCP_0246,General Physician,North-2,North,C,Bangalore
H0247,Dr. HCP_0247,General Physician,West-2,West,B,Chennai
H0248,Dr. HCP_0248,General Physician,Central-1,Central,C,Chennai
H0249,Dr. HCP_0249,Oncologist,West-1,West,C,Ahmedabad
H0250,Dr. HCP_0250,Oncologist,South-2,South,C,Bangalore
H0251,Dr. HCP_0251,Endocrinologist,West-1,West,B,Bangalore
H0252,Dr. HCP_0252,Pulmonologist,North-2,North,B,Kolkata
H0253,Dr. HCP_0253,Neurologist,East-2,East,C,Chennai
H0254,Dr. HCP_0254,Pulmonologist,North-1,North,B,Chennai
H0255,Dr. HCP_0255,Neurologist,Central-2,Central,A,Ahmedabad
H0256,Dr. HCP_0256,Oncologist,South-1,South,B,Ahmedabad
H0257,Dr. HCP_0257,Pulmonologist,East-2,East,C,Kolkata
H0258,Dr. HCP_0258,Pulmonologist,West-2,West,B,Hyderabad
H0259,Dr. HCP_0259,Neurologist,South-2,South,B,Kolkata
H0260,Dr. HCP_0260,Oncologist,South-2,South,A,Mumbai
H0261,Dr. HCP_0261,General Physician,East-2,East,B,Ahmedabad
H0262,Dr. HCP_0262,Oncologist,West-1,West,C,Bangalore
H0263,Dr. HCP_0263,Cardiologist,West-2,West,A,Bangalore
H0264,Dr. HCP_0264,Neurologist,Central-1,Central,B,Pune
H0265,Dr. HCP_0265,Oncologist,North-2,North,C,Delhi
H0266,Dr. HCP_0266,Oncologist,Central-1,Central,C,Mumbai
H0267,Dr. HCP_0267,Oncologist,South-1,South,B,Bangalore
H0268,Dr. HCP_0268,Oncologist,North-2,North,C,Chennai
H0269,Dr. HCP_0269,Neurologist,East-2,East,B,Kolkata
H0270,Dr. HCP_0270,Pulmonologist,North-2,North,B,Kolkata
H0271,Dr. HCP_0271,General Physician,East-2,East,C,Ahmedabad
H0272,Dr. HCP_0272,Cardiologist,Central-1,Central,C,Delhi
H0273,Dr. HCP_0273,General Physician,South-2,South,C,Chennai
H0274,Dr. HCP_0274,General Physician,South-2,South,C,Delhi
H0275,Dr. HCP_0275,Cardiologist,West-1,West,B,Delhi
H0276,Dr. HCP_0276,Endocrinologist,West-2,West,B,Chennai
H0277,Dr. HCP_0277,Cardiologist,North-1,North,C,Pune
H0278,Dr. HCP_0278,Pulmonologist,North-1,North,B,Pune
H0279,Dr. HCP_0279,Oncologist,East-2,East,C,Bangalore
H0280,Dr. HCP_0280,Neurologist,South-2,South,C,Kolkata
H0281,Dr. HCP_0281,General Physician,Central-2,Central,C,Bangalore
H0282,Dr. HCP_0282,Endocrinologist,South-1,South,B,Delhi
H0283,Dr. HCP_0283,Oncologist,Central-2,Central,B,Hyderabad
H0284,Dr. HCP_0284,Neurologist,West-2,West,A,Bangalore
H0285,Dr. HCP_0285,Oncologist,South-2,South,B,Chennai
H0286,Dr. HCP_0286,Pulmonologist,West-2,West,A,Mumbai
H0287,Dr. HCP_0287,Pulmonologist,West-2,West,B,Bangalore
H0288,Dr. HCP_0288,Oncologist,North-2,North,B,Pune
H0289,Dr. HCP_0289,Pulmonologist,Central-2,Central,B,Kolkata
H0290,Dr. HCP_0290,Oncologist,East-1,East,B,Chennai
H0291,Dr. HCP_0291,Oncologist,South-2,South,A,Ahmedabad
H0292,Dr. HCP_0292,Endocrinologist,North-2,North,A,Kolkata
H0293,Dr. HCP_0293,Pulmonologist,Central-2,Central,C,Chennai
H0294,Dr. HCP_0294,Cardiologist,East-1,East,B,Kolkata
H0295,Dr. HCP_0295,Cardiologist,East-1,East,A,Mumbai
H0296,Dr. HCP_0296,General Physician,Central-2,Central,B,Ahmedabad
H0297,Dr. HCP_0297,Endocrinologist,East-1,East,C,Pune
H0298,Dr. HCP_0298,General Physician,South-2,South,B,Hyderabad
H0299,Dr. HCP_0299,Pulmonologist,Central-2,Central,B,Bangalore
H0300,Dr. HCP_0300,General Physician,North-2,North,A,Mumbai
H0301,Dr. HCP_0301,Oncologist,East-1,East,A,Mumbai
H0302,Dr. HCP_0302,Pulmonologist,Central-2,Central,B,Bangalore
H0303,Dr. HCP_0303,Pulmonologist,North-2,North,B,Pune
H0304,Dr. HCP_0304,Endocrinologist,West-1,West,B,Hyderabad
H0305,Dr. HCP_0305,Neurologist,South-1,South,C,Pune
H0306,Dr. HCP_0306,Neurologist,Central-1,Central,C,Chennai
H0307,Dr. HCP_0307,Pulmonologist,South-1,South,B,Ahmedabad
H0308,Dr. HCP_0308,General Physician,East-1,East,B,Pune
H0309,Dr. HCP_0309,Oncologist,North-2,North,C,Delhi
H0310,Dr. HCP_0310,Endocrinologist,South-1,South,B,Kolkata
H0311,Dr. HCP_0311,Pulmonologist,Central-1,Central,B,Delhi
H0312,Dr. HCP_0312,Cardiologist,West-1,West,A,Chennai
H0313,Dr. HCP_0313,Cardiologist,Central-1,Central,A,Ahmedabad
H0314,Dr. HCP_0314,General Physician,East-2,East,C,Chennai
H0315,Dr. HCP_0315,Oncologist,Central-2,Central,C,Pune
H0316,Dr. HCP_0316,General Physician,North-2,North,B,Hyderabad
H0317,Dr. HCP_0317,Cardiologist,West-2,West,B,Pune
H0318,Dr. HCP_0318,Endocrinologist,Central-2,Central,A,Delhi
H0319,Dr. HCP_0319,General Physician,West-2,West,A,Chennai
H0320,Dr. HCP_0320,Cardiologist,West-1,West,B,Bangalore
H0321,Dr. HCP_0321,Cardiologist,North-1,North,B,Chennai
H0322,Dr. HCP_0322,Cardiologist,West-2,West,C,Delhi
H0323,Dr. HCP_0323,Neurologist,South-2,South,B,Bangalore
H0324,Dr. HCP_0324,Oncologist,West-1,West,B,Pune
H0325,Dr. HCP_0325,Oncologist,Central-1,Central,C,Bangalore
H0326,Dr. HCP_0326,General Physician,West-1,West,C,Delhi
H0327,Dr. HCP_0327,Neurologist,West-2,West,B,Kolkata
H0328,Dr. HCP_0328,Cardiologist,East-1,East,B,Pune
H0329,Dr. HCP_0329,Oncologist,South-2,South,B,Ahmedabad
H0330,Dr. HCP_0330,Pulmonologist,South-2,South,B,Delhi
H0331,Dr. HCP_0331,Neurologist,East-2,East,B,Pune
H0332,Dr. HCP_0332,Oncologist,North-1,North,C,Chennai
H0333,Dr. HCP_0333,Cardiologist,South-2,South,A,Ahmedabad
H0334,Dr. HCP_0334,General Physician,North-2,North,A,Hyderabad
H0335,Dr. HCP_0335,Cardiologist,Central-2,Central,A,Mumbai
H0336,Dr. HCP_0336,Endocrinologist,East-2,East,A,Bangalore
H0337,Dr. HCP_0337,Endocrinologist,Central-2,Central,C,Delhi
H0338,Dr. HCP_0338,Endocrinologist,Central-1,Central,C,Hyderabad
H0339,Dr. HCP_0339,Pulmonologist,South-2,South,B,Bangalore
H0340,Dr. HCP_0340,Cardiologist,Central-2,Central,A,Chennai
H0341,Dr. HCP_0341,Endocrinologist,South-1,South,B,Chennai
H0342,Dr. HCP_0342,Cardiologist,South-1,South,B,Mumbai
H0343,Dr. HCP_0343,Cardiologist,South-1,South,A,Pune
H0344,Dr. HCP_0344,Neurologist,South-2,South,B,Pune
H0345,Dr. HCP_0345,Endocrinologist,North-1,North,B,Chennai
H0346,Dr. HCP_0346,Endocrinologist,North-1,North,B,Kolkata
H0347,Dr. HCP_0347,Cardiologist,Central-1,Central,B,Delhi
H0348,Dr. HCP_0348,Oncologist,West-2,West,A,Pune
H0349,Dr. HCP_0349,Neurologist,Central-1,Central,B,Delhi
H0350,Dr. HCP_0350,Neurologist,West-2,West,B,Hyderabad
H0351,Dr. HCP_0351,Cardiologist,Central-2,Central,B,Chennai
H0352,Dr. HCP_0352,General Physician,West-2,West,C,Mumbai
H0353,Dr. HCP_0353,Oncologist,North-1,North,B,Kolkata
H0354,Dr. HCP_0354,General Physician,West-1,West,A,Delhi
H0355,Dr. HCP_0355,General Physician,West-2,West,A,Ahmedabad
H0356,Dr. HCP_0356,Cardiologist,North-2,North,B,Pune
H0357,Dr. HCP_0357,Endocrinologist,Central-2,Central,A,Delhi
H0358,Dr. HCP_0358,Pulmonologist,South-1,South,B,Pune
H0359,Dr. HCP_0359,Neurologist,West-1,West,C,Chennai
H0360,Dr. HCP_0360,Neurologist,West-2,West,B,Kolkata
H0361,Dr. HCP_0361,General Physician,North-2,North,B,Delhi
H0362,Dr. HCP_0362,General Physician,Central-1,Central,B,Hyderabad
H0363,Dr. HCP_0363,Oncologist,West-1,West,B,Hyderabad
H0364,Dr. HCP_0364,Pulmonologist,West-1,West,B,Ahmedabad
H0365,Dr. HCP_0365,Oncologist,West-1,West,C,Delhi
H0366,Dr. HCP_0366,Oncologist,East-2,East,B,Pune
H0367,Dr. HCP_0367,Pulmonologist,East-1,East,C,Bangalore
H0368,Dr. HCP_0368,Cardiologist,West-2,West,C,Delhi
H0369,Dr. HCP_0369,Cardiologist,North-2,North,A,Kolkata
H0370,Dr. HCP_0370,General Physician,North-2,North,A,Pune
H0371,Dr. HCP_0371,Neurologist,South-1,South,A,Mumbai
H0372,Dr. HCP_0372,Neurologist,Central-2,Central,A,Pune
H0373,Dr. HCP_0373,Oncologist,North-2,North,A,Pune
H0374,Dr. HCP_0374,General Physician,West-1,West,B,Mumbai
H0375,Dr. HCP_0375,Neurologist,East-1,East,A,Chennai
H0376,Dr. HCP_0376,Cardiologist,East-2,East,B,Hyderabad
H0377,Dr. HCP_0377,General Physician,South-1,South,C,Ahmedabad
H0378,Dr. HCP_0378,Cardiologist,South-2,South,A,Pune
H0379,Dr. HCP_0379,Pulmonologist,Central-1,Central,C,Delhi
H0380,Dr. HCP_0380,Neurologist,East-1,East,B,Hyderabad
H0381,Dr. HCP_0381,Neurologist,West-1,West,A,Mumbai
H0382,Dr. HCP_0382,General Physician,Central-2,Central,B,Chennai
H0383,Dr. HCP_0383,Endocrinologist,North-1,North,B,Chennai
H0384,Dr. HCP_0384,Pulmonologist,East-1,East,C,Pune
H0385,Dr. HCP_0385,Endocrinologist,North-1,North,C,Bangalore
H0386,Dr. HCP_0386,General Physician,Central-2,Central,C,Kolkata
H0387,Dr. HCP_0387,Endocrinologist,North-2,North,B,Mumbai
H0388,Dr. HCP_0388,General Physician,North-2,North,A,Hyderabad
H0389,Dr. HCP_0389,Oncologist,West-1,West,C,Ahmedabad
H0390,Dr. HCP_0390,Endocrinologist,East-2,East,C,Pune
H0391,Dr. HCP_0391,General Physician,East-1,East,C,Pune
H0392,Dr. HCP_0392,Neurologist,Central-2,Central,B,Delhi
H0393,Dr. HCP_0393,Endocrinologist,North-1,North,B,Bangalore
H0394,Dr. HCP_0394,Cardiologist,Central-2,Central,C,Delhi
H0395,Dr. HCP_0395,Oncologist,East-1,East,B,Kolkata
H0396,Dr. HCP_0396,Neurologist,West-2,West,C,Ahmedabad
H0397,Dr. HCP_0397,Pulmonologist,West-1,West,C,Hyderabad
H0398,Dr. HCP_0398,Cardiologist,Central-1,Central,B,Pune
H0399,Dr. HCP_0399,Cardiologist,West-1,West,C,Chennai
H0400,Dr. HCP_0400,Oncologist,Central-2,Central,C,Chennai
H0401,Dr. HCP_0401,Endocrinologist,North-1,North,A,Kolkata
H0402,Dr. HCP_0402,Cardiologist,Central-2,Central,C,Mumbai
H0403,Dr. HCP_0403,Pulmonologist,South-2,South,B,Hyderabad
H0404,Dr. HCP_0404,Pulmonologist,South-1,South,C,Chennai
H0405,Dr. HCP_0405,Cardiologist,East-2,East,B,Mumbai
H0406,Dr. HCP_0406,General Physician,West-2,West,C,Kolkata
H0407,Dr. HCP_0407,Endocrinologist,South-1,South,B,Kolkata
H0408,Dr. HCP_0408,General Physician,Central-1,Central,A,Hyderabad
H0409,Dr. HCP_0409,Neurologist,Central-1,Central,C,Pune
H0410,Dr. HCP_0410,Oncologist,North-2,North,A,Mumbai
H0411,Dr. HCP_0411,Cardiologist,West-1,West,B,Ahmedabad
H0412,Dr. HCP_0412,Pulmonologist,North-2,North,C,Kolkata
H0413,Dr. HCP_0413,Oncologist,Central-2,Central,C,Kolkata
H0414,Dr. HCP_0414,Cardiologist,East-1,East,B,Kolkata
H0415,Dr. HCP_0415,Pulmonologist,North-1,North,B,Bangalore
H0416,Dr. HCP_0416,Oncologist,Central-2,Central,B,Pune
H0417,Dr. HCP_0417,Oncologist,North-2,North,B,Delhi
H0418,Dr. HCP_0418,Oncologist,South-2,South,B,Kolkata
H0419,Dr. HCP_0419,Cardiologist,Central-1,Central,B,Kolkata
H0420,Dr. HCP_0420,General Physician,East-1,East,C,Pune
H0421,Dr. HCP_0421,Pulmonologist,South-2,South,C,Bangalore
H0422,Dr. HCP_0422,Neurologist,North-2,North,C,Delhi
H0423,Dr. HCP_0423,Neurologist,Central-1,Central,A,Hyderabad
H0424,Dr. HCP_0424,Pulmonologist,East-2,East,B,Bangalore
H0425,Dr. HCP_0425,Cardiologist,South-2,South,A,Bangalore
H0426,Dr. HCP_0426,Endocrinologist,East-1,East,B,Bangalore
H0427,Dr. HCP_0427,Endocrinologist,Central-2,Central,B,Delhi
H0428,Dr. HCP_0428,General Physician,South-1,South,C,Ahmedabad
H0429,Dr. HCP_0429,Neurologist,West-2,West,B,Ahmedabad
H0430,Dr. HCP_0430,General Physician,Central-2,Central,A,Pune
H0431,Dr. HCP_0431,Endocrinologist,East-2,East,A,Ahmedabad
H0432,Dr. HCP_0432,Oncologist,North-2,North,C,Ahmedabad
H0433,Dr. HCP_0433,Pulmonologist,East-1,East,B,Mumbai
H0434,Dr. HCP_0434,Neurologist,East-2,East,A,Delhi
H0435,Dr. HCP_0435,Oncologist,East-1,East,A,Ahmedabad
H0436,Dr. HCP_0436,Cardiologist,North-1,North,C,Pune
H0437,Dr. HCP_0437,Cardiologist,East-1,East,A,Delhi
H0438,Dr. HCP_0438,Neurologist,Central-2,Central,C,Kolkata
H0439,Dr. HCP_0439,Neurologist,West-2,West,C,Mumbai
H0440,Dr. HCP_0440,Neurologist,West-2,West,A,Hyderabad
H0441,Dr. HCP_0441,Neurologist,East-2,East,A,Ahmedabad
H0442,Dr. HCP_0442,Endocrinologist,Central-1,Central,C,Mumbai
H0443,Dr. HCP_0443,Cardiologist,West-2,West,B,Pune
H0444,Dr. HCP_0444,Neurologist,North-2,North,B,Bangalore
H0445,Dr. HCP_0445,Endocrinologist,North-1,North,C,Ahmedabad
H0446,Dr. HCP_0446,Neurologist,West-2,West,C,Bangalore
H0447,Dr. HCP_0447,Pulmonologist,East-2,East,C,Chennai
H0448,Dr. HCP_0448,Oncologist,West-1,West,C,Pune
H0449,Dr. HCP_0449,Cardiologist,Central-2,Central,B,Pune
H0450,Dr. HCP_0450,Pulmonologist,North-2,North,A,Delhi
H0451,Dr. HCP_0451,General Physician,Central-1,Central,C,Kolkata
H0452,Dr. HCP_0452,Pulmonologist,East-1,East,B,Bangalore
H0453,Dr. HCP_0453,Cardiologist,East-2,East,B,Bangalore
H0454,Dr. HCP_0454,Pulmonologist,East-2,East,C,Kolkata
H0455,Dr. HCP_0455,Neurologist,South-1,South,A,Delhi
H0456,Dr. HCP_0456,Neurologist,East-1,East,B,Kolkata
H0457,Dr. HCP_0457,Endocrinologist,East-2,East,A,Delhi
H0458,Dr. HCP_0458,Neurologist,West-1,West,B,Pune
H0459,Dr. HCP_0459,Pulmonologist,North-1,North,A,Chennai
H0460,Dr. HCP_0460,Endocrinologist,South-1,South,A,Pune
H0461,Dr. HCP_0461,Endocrinologist,West-2,West,A,Hyderabad
H0462,Dr. HCP_0462,Endocrinologist,South-1,South,B,Delhi
H0463,Dr. HCP_0463,Cardiologist,East-1,East,C,Mumbai
H0464,Dr. HCP_0464,Neurologist,East-2,East,B,Bangalore
H0465,Dr. HCP_0465,Oncologist,Central-2,Central,C,Bangalore
H0466,Dr. HCP_0466,Endocrinologist,South-1,South,B,Bangalore
H0467,Dr. HCP_0467,Cardiologist,West-2,West,B,Kolkata
H0468,Dr. HCP_0468,General Physician,East-2,East,C,Hyderabad
H0469,Dr. HCP_0469,Neurologist,West-2,West,B,Chennai
H0470,Dr. HCP_0470,Endocrinologist,West-2,West,C,Hyderabad
H0471,Dr. HCP_0471,Oncologist,East-1,East,A,Hyderabad
H0472,Dr. HCP_0472,General Physician,East-2,East,C,Ahmedabad
H0473,Dr. HCP_0473,Pulmonologist,West-2,West,A,Kolkata
H0474,Dr. HCP_0474,Neurologist,Central-1,Central,C,Kolkata
H0475,Dr. HCP_0475,Endocrinologist,South-1,South,B,Bangalore
H0476,Dr. HCP_0476,Cardiologist,East-1,East,C,Ahmedabad
H0477,Dr. HCP_0477,Neurologist,East-2,East,A,Delhi
H0478,Dr. HCP_0478,Cardiologist,Central-1,Central,B,Chennai
H0479,Dr. HCP_0479,Endocrinologist,North-2,North,C,Chennai
H0480,Dr. HCP_0480,Neurologist,West-2,West,B,Bangalore
H0481,Dr. HCP_0481,Cardiologist,West-1,West,B,Hyderabad
H0482,Dr. HCP_0482,Pulmonologist,West-2,West,B,Mumbai
H0483,Dr. HCP_0483,Cardiologist,West-1,West,B,Kolkata
H0484,Dr. HCP_0484,Pulmonologist,Central-1,Central,B,Hyderabad
H0485,Dr. HCP_0485,Cardiologist,West-1,West,B,Pune
H0486,Dr. HCP_0486,Cardiologist,South-2,South,C,Pune
H0487,Dr. HCP_0487,General Physician,North-2,North,A,Pune
H0488,Dr. HCP_0488,Endocrinologist,South-1,South,B,Mumbai
H0489,Dr. HCP_0489,Oncologist,East-1,East,C,Bangalore
H0490,Dr. HCP_0490,Oncologist,West-2,West,C,Mumbai
H0491,Dr. HCP_0491,Cardiologist,North-2,North,B,Chennai
H0492,Dr. HCP_0492,Endocrinologist,South-2,South,B,Kolkata
H0493,Dr. HCP_0493,Pulmonologist,North-2,North,B,Hyderabad
H0494,Dr. HCP_0494,Cardiologist,East-1,East,A,Mumbai
H0495,Dr. HCP_0495,Oncologist,South-2,South,B,Ahmedabad
H0496,Dr. HCP_0496,Cardiologist,North-2,North,B,Ahmedabad
H0497,Dr. HCP_0497,Neurologist,Central-2,Central,B,Mumbai
H0498,Dr. HCP_0498,Neurologist,Central-1,Central,A,Hyderabad
H0499,Dr. HCP_0499,Pulmonologist,South-1,South,C,Kolkata
H0500,Dr. HCP_0500,Neurologist,North-1,North,C,Pune
